swedish,spanish
katt,gato
hund,perro
fågel,pájaro
fisk,pez
häst,caballo
ko,vaca
bil,coche
bok,libro
hus,casa
hem,hogar
bord,mesa
stol,silla
fönster,ventana
dörr,puerta
skola,escuela
lärare,profesor
läkare,médico
doktor,doctor
vän,amigo
familj,familia
barn,niño
mamma,mamá
mor,madre
pappa,papá
far,padre
pojke,chico
grabb,chaval
flicka,niña
tjej,chica
arbete,trabajo
jobb,empleo
pengar,dinero
stålar,plata
vatten,agua
mat,comida
äpple,manzana
bröd,pan
mjölk,leche
ost,queso
träd,árbol
blomma,flor
sol,sol
måne,luna
stjärna,estrella
himmel,cielo
hav,mar
hav,océano
berg,montaña
skog,bosque
regn,lluvia
snö,nieve
vind,viento
stad,ciudad
gata,calle
kyrka,iglesia
tid,tiempo
dag,día
natt,noche
vecka,semana
år,año
hjärta,corazón
hand,mano
huvud,cabeza
öga,ojo
öra,oreja
röd,rojo
grön,verde
stor,grande
liten,pequeño
snabb,rápido
snabb,veloz
glad,feliz
glad,alegre
vacker,hermoso
vacker,bonito
klok,sabio
klok,listo
ledsen,triste
arg,enfadado
ilsken,enojado
dum,estúpido
korkad,tonto
tyst,callado
stilla,tranquilo
kall,frío
varm,cálido
springa,correr
äta,comer
dricka,beber
sova,dormir
läsa,leer
skriva,escribir
börja,empezar
börja,comenzar
sluta,parar
sluta,dejar
prata,hablar
prata,charlar
