swedish,english
katt,cat
hund,dog
fågel,bird
fisk,fish
häst,horse
ko,cow
bil,car
bok,book
hus,house
hem,home
bord,table
stol,chair
fönster,window
dörr,door
skola,school
lärare,teacher
läkare,doctor
doktor,doctor
vän,friend
familj,family
barn,child
mamma,mother
mor,mother
pappa,father
far,father
pojke,boy
grabb,boy
flicka,girl
tjej,girl
arbete,work
jobb,work
pengar,money
stålar,money
vatten,water
mat,food
äpple,apple
bröd,bread
mjölk,milk
ost,cheese
träd,tree
blomma,flower
sol,sun
måne,moon
stjärna,star
himmel,sky
hav,sea
hav,ocean
berg,mountain
skog,forest
regn,rain
snö,snow
vind,wind
stad,city
gata,street
kyrka,church
tid,time
dag,day
natt,night
vecka,week
år,year
hjärta,heart
hand,hand
huvud,head
öga,eye
öra,ear
röd,red
grön,green
stor,big
stor,large
liten,small
liten,little
snabb,fast
snabb,quick
glad,happy
glad,cheerful
vacker,beautiful
vacker,pretty
klok,wise
klok,clever
ledsen,sad
arg,angry
ilsken,angry
dum,stupid
korkad,stupid
tyst,quiet
stilla,quiet
kall,cold
varm,warm
springa,run
äta,eat
dricka,drink
sova,sleep
läsa,read
skriva,write
börja,begin
börja,start
sluta,stop
sluta,quit
prata,talk
prata,speak
